tips,genus,species,Binomial,chromon,armn,macrop,microp,norpos,norpair,its,pair1,pair2,pair3,pair4,pair5,pair6,pair7,pair8,pair9,pair10,pair11,pair12,pair13,pair14,i1,i2,i3,i4,i5,i6,i7,i8,i9,i10,i11,i12,i13,i14,ref,haploidn,Binomial_Marcello,Realm,Latitude,Longitude,maxSVL,Substrate,Repromode,minClutchSize,maxClutchSize,minBreedingAge,maxBreedingAge
Leiolep,Leiolepis,leiolepis_belliana,Leiolepis belliana,36,NA,6,12,NA,NA,NA,NA,NA,NA,NA,NA,NA,NA,NA,NA,NA,NA,NA,NA,NA,NA,NA,NA,NA,NA,NA,NA,NA,NA,NA,NA,NA,NA,NA,"Hall, 1970",18,Leiolepis belliana,NA,NA,NA,NA,NA,NA,NA,NA,NA,NA
PGA445,Palleon,palleon_nasus,Palleon nasus,36,48,6,12,micro,NA,NA,meta,submeta,meta,meta,meta,meta,NA,NA,NA,NA,NA,NA,NA,NA,0.4,0.3,0.4,0.4,0.4,0.4,NA,NA,NA,NA,NA,NA,NA,NA,"Bourgat, 1971; this study",18,Palleon nasus,Madagascar,-23.01,47.07,49,Arboreal&Terrestrial,Oviparous,NA,NA,NA,NA
PGA363,Palleon,palleon_nasus,Palleon nasus,36,48,6,12,micro,NA,NA,meta,submeta,meta,meta,meta,meta,NA,NA,NA,NA,NA,NA,NA,NA,0.4,0.3,0.4,0.4,0.4,0.4,NA,NA,NA,NA,NA,NA,NA,NA,"Bourgat, 1971; this study",18,Palleon nasus,Madagascar,-23.01,47.07,49,Arboreal&Terrestrial,Oviparous,NA,NA,NA,NA
B983,Brookesia,brookesia_therezieni,Brookesia therezieni,36,48,6,12,micro,NA,0,meta,meta,meta,meta,meta,meta,NA,NA,NA,NA,NA,NA,NA,NA,0.4,0.4,0.4,0.4,0.4,0.4,NA,NA,NA,NA,NA,NA,NA,NA,this study,18,Brookesia therezieni,Madagascar,-16.74,49.05,53,Terrestrial,Oviparous,NA,NA,NA,NA
B985,Brookesia,brookesia_therezieni,Brookesia therezieni,36,48,6,12,micro,NA,0,meta,meta,meta,meta,meta,meta,NA,NA,NA,NA,NA,NA,NA,NA,0.4,0.4,0.4,0.4,0.4,0.4,NA,NA,NA,NA,NA,NA,NA,NA,this study,18,Brookesia therezieni,Madagascar,-16.74,49.05,53,Terrestrial,Oviparous,NA,NA,NA,NA
BGA584,Brookesia,brookesia_thieli1,Brookesia thieli,36,48,6,12,micro,NA,0,meta,meta,meta,meta,meta,meta,NA,NA,NA,NA,NA,NA,NA,NA,0.4,0.4,0.4,0.4,0.4,0.4,NA,NA,NA,NA,NA,NA,NA,NA,this study,18,Brookesia thieli1,Madagascar,-17.72,48.52,45,Arboreal&Terrestrial,Oviparous,2,4,5,5
BGA706,Brookesia,brookesia_thieli1,Brookesia thieli,36,48,6,12,micro,NA,0,meta,meta,meta,meta,meta,meta,NA,NA,NA,NA,NA,NA,NA,NA,0.4,0.4,0.4,0.4,0.4,0.4,NA,NA,NA,NA,NA,NA,NA,NA,this study,18,Brookesia thieli1,Madagascar,-17.72,48.52,45,Arboreal&Terrestrial,Oviparous,2,4,5,5
BGA303,Brookesia,brookesia_ambreensis,Brookesia ambreensis,36,48,6,12,micro,NA,0,meta,meta,meta,meta,meta,meta,NA,NA,NA,NA,NA,NA,NA,NA,0.4,0.4,0.4,0.4,0.4,0.4,NA,NA,NA,NA,NA,NA,NA,NA,this study,18,Brookesia ambreensis,Madagascar,-12.51,49.17,55,Terrestrial,Oviparous,2,2,NA,NA
BGA304,Brookesia,brookesia_ambreensis,Brookesia ambreensis,36,48,6,12,micro,NA,0,meta,meta,meta,meta,meta,meta,NA,NA,NA,NA,NA,NA,NA,NA,0.4,0.4,0.4,0.4,0.4,0.4,NA,NA,NA,NA,NA,NA,NA,NA,this study,18,Brookesia ambreensis,Madagascar,-12.51,49.17,55,Terrestrial,Oviparous,2,2,NA,NA
B11609,Brookesia,brookesia_decaryi,Brookesia decaryi,36,48,6,12,micro,NA,NA,meta,meta,meta,meta,meta,meta,NA,NA,NA,NA,NA,NA,NA,NA,0.4,0.4,0.4,0.4,0.4,0.4,NA,NA,NA,NA,NA,NA,NA,NA,this study,18,Brookesia decaryi,Madagascar,-16.31,46.94,53,Terrestrial,Oviparous,2,5,NA,NA
BGA392,Brookesia,brookesia_decaryi,Brookesia decaryi,36,48,6,12,micro,NA,NA,meta,meta,meta,meta,meta,meta,NA,NA,NA,NA,NA,NA,NA,NA,0.4,0.4,0.4,0.4,0.4,0.4,NA,NA,NA,NA,NA,NA,NA,NA,this study,18,Brookesia decaryi,Madagascar,-16.31,46.94,53,Terrestrial,Oviparous,2,5,NA,NA
BGAA1,Brookesia,brookesia_boetchy,Brookesia boetchy,36,48,6,12,micro,NA,NA,meta,meta,meta,meta,meta,meta,NA,NA,NA,NA,NA,NA,NA,NA,0.4,0.4,0.4,0.4,0.4,0.4,NA,NA,NA,NA,NA,NA,NA,NA,this study,18,Brookesia boetchy,NA,NA,NA,NA,NA,NA,NA,NA,NA,NA
BGAA2,Brookesia,brookesia_boetchy,Brookesia boetchy,36,48,6,12,micro,NA,NA,meta,meta,meta,meta,meta,meta,NA,NA,NA,NA,NA,NA,NA,NA,0.4,0.4,0.4,0.4,0.4,0.4,NA,NA,NA,NA,NA,NA,NA,NA,this study,18,Brookesia boetchy,NA,NA,NA,NA,NA,NA,NA,NA,NA,NA
BGA89,Brookesia,brookesia_thieli2,Brookesia thieli,36,48,6,12,micro,NA,0,meta,meta,meta,meta,meta,meta,NA,NA,NA,NA,NA,NA,NA,NA,0.4,0.4,0.4,0.4,0.4,0.4,NA,NA,NA,NA,NA,NA,NA,NA,this study,18,Brookesia thieli2,Madagascar,-17.72,48.52,45,Arboreal&Terrestrial,Oviparous,2,4,5,5
BGA40,Brookesia,brookesia_thieli2,Brookesia thieli,36,48,6,12,micro,NA,0,meta,meta,meta,meta,meta,meta,NA,NA,NA,NA,NA,NA,NA,NA,0.4,0.4,0.4,0.4,0.4,0.4,NA,NA,NA,NA,NA,NA,NA,NA,this study,18,Brookesia thieli2,Madagascar,-17.72,48.52,45,Arboreal&Terrestrial,Oviparous,2,4,5,5
B11696,Brookesia,brookesia_brygooi,Brookesia brygooi,36,48,6,12,micro,NA,NA,meta,meta,meta,meta,meta,meta,NA,NA,NA,NA,NA,NA,NA,NA,0.4,0.4,0.4,0.4,0.4,0.4,NA,NA,NA,NA,NA,NA,NA,NA,this study,18,Brookesia brygooi,Madagascar,-19.31,44.96,52,Terrestrial,Oviparous,2,5,12,12
B11697,Brookesia,brookesia_brygooi,Brookesia brygooi,36,48,6,12,micro,NA,NA,meta,meta,meta,meta,meta,meta,NA,NA,NA,NA,NA,NA,NA,NA,0.4,0.4,0.4,0.4,0.4,0.4,NA,NA,NA,NA,NA,NA,NA,NA,this study,18,Brookesia brygooi,Madagascar,-19.31,44.96,52,Terrestrial,Oviparous,2,5,12,12
B11604,Brookesia,brookesia_superciliaris,Brookesia superciliaris,36,48,6,12,micro,NA,0,meta,meta,meta,meta,meta,meta,NA,NA,NA,NA,NA,NA,NA,NA,0.4,0.4,0.4,0.4,0.4,0.4,NA,NA,NA,NA,NA,NA,NA,NA,this study,18,Brookesia superciliaris,Madagascar,-18.87,48.51,54,Arboreal&Terrestrial,Oviparous,2,5,4,5
BGA583,Brookesia,brookesia_superciliaris,Brookesia superciliaris,36,48,6,12,micro,NA,0,meta,meta,meta,meta,meta,meta,NA,NA,NA,NA,NA,NA,NA,NA,0.4,0.4,0.4,0.4,0.4,0.4,NA,NA,NA,NA,NA,NA,NA,NA,this study,18,Brookesia superciliaris,Madagascar,-18.87,48.51,54,Arboreal&Terrestrial,Oviparous,2,5,4,5
BGAB1,Brookesia,brookesia_stumpffi,Brookesia stumpffi,36,48,6,12,micro,NA,0,meta,meta,meta,meta,meta,meta,NA,NA,NA,NA,NA,NA,NA,NA,0.4,0.4,0.4,0.4,0.4,0.4,NA,NA,NA,NA,NA,NA,NA,NA,"Rovatsos et al., 2017; this study",18,Brookesia stumpffi,Madagascar,-14.57,48.02,57,Terrestrial,Oviparous,2,5,5,5
BGA7,Brookesia,brookesia_stumpffi,Brookesia stumpffi,36,48,6,12,micro,NA,0,meta,meta,meta,meta,meta,meta,NA,NA,NA,NA,NA,NA,NA,NA,0.4,0.4,0.4,0.4,0.4,0.4,NA,NA,NA,NA,NA,NA,NA,NA,"Rovatsos et al., 2017; this study",18,Brookesia stumpffi,Madagascar,-14.57,48.02,57,Terrestrial,Oviparous,2,5,5,5
BGA709,Brookesia,brookesia_ramanantsoai,Brookesia ramanantsoai,36,48,6,12,micro,NA,0,meta,meta,meta,meta,meta,meta,NA,NA,NA,NA,NA,NA,NA,NA,0.4,0.4,0.4,0.4,0.4,0.4,NA,NA,NA,NA,NA,NA,NA,NA,this study,18,Brookesia ramanantsoai,Madagascar,-18.76,48.03,25.5,Terrestrial,NA,NA,NA,NA,NA
BGA710,Brookesia,brookesia_ramanantsoai,Brookesia ramanantsoai,36,48,6,12,micro,NA,0,meta,meta,meta,meta,meta,meta,NA,NA,NA,NA,NA,NA,NA,NA,0.4,0.4,0.4,0.4,0.4,0.4,NA,NA,NA,NA,NA,NA,NA,NA,this study,18,Brookesia ramanantsoai,Madagascar,-18.76,48.03,25.5,Terrestrial,NA,NA,NA,NA,NA
B3088,Brookesia,brookesia_tubercolata,Brookesia tuberculata,36,48,6,12,micro,NA,0,meta,meta,meta,meta,meta,meta,NA,NA,NA,NA,NA,NA,NA,NA,0.4,0.4,0.4,0.4,0.4,0.4,NA,NA,NA,NA,NA,NA,NA,NA,this study,18,Brookesia tubercolata,Madagascar,-12.54,49.17,21.7,Terrestrial,NA,NA,NA,NA,NA
B199,Brookesia,brookesia_superciliaris2,Brookesia superciliaris,36,48,6,12,micro,NA,0,meta,meta,meta,meta,meta,meta,NA,NA,NA,NA,NA,NA,NA,NA,0.4,0.4,0.4,0.4,0.4,0.4,NA,NA,NA,NA,NA,NA,NA,NA,this study,18,Brookesia superciliaris2,Madagascar,-18.87,48.51,54,Arboreal&Terrestrial,Oviparous,2,5,4,5
BGAA3,Brookesia,brookesia_superciliaris2,Brookesia superciliaris,36,48,6,12,micro,NA,0,meta,meta,meta,meta,meta,meta,NA,NA,NA,NA,NA,NA,NA,NA,0.4,0.4,0.4,0.4,0.4,0.4,NA,NA,NA,NA,NA,NA,NA,NA,this study,18,Brookesia superciliaris2,Madagascar,-18.87,48.51,54,Arboreal&Terrestrial,Oviparous,2,5,4,5
BGA309,Brookesia,brookesia_dentata,Brookesia dentata,36,48,6,12,micro,NA,NA,meta,meta,meta,meta,meta,meta,NA,NA,NA,NA,NA,NA,NA,NA,0.4,0.4,0.4,0.4,0.4,0.4,NA,NA,NA,NA,NA,NA,NA,NA,this study,18,Brookesia dentata,Madagascar,-16.34,46.9,23,Terrestrial,Oviparous,NA,NA,NA,NA
FGA379,Furcifer,furcifer_balteatus,Furcifer balteatus,34,46,6,11,NA,NA,6,meta,meta,meta,meta,meta,meta,NA,NA,NA,NA,NA,NA,NA,NA,0.4,0.4,0.4,0.4,0.4,0.4,NA,NA,NA,NA,NA,NA,NA,NA,this study,17,Furcifer balteatus,Madagascar,-22.83,47.23,175,Arboreal,Oviparous,NA,NA,NA,NA
F647,Furcifer,furcifer_balteatus,Furcifer balteatus,34,46,6,11,NA,NA,6,meta,meta,meta,meta,meta,meta,NA,NA,NA,NA,NA,NA,NA,NA,0.4,0.4,0.4,0.4,0.4,0.4,NA,NA,NA,NA,NA,NA,NA,NA,this study,17,Furcifer balteatus,Madagascar,-22.83,47.23,175,Arboreal,Oviparous,NA,NA,NA,NA
FGA99,Furcifer,furcifer_oustaleti,Furcifer oustaleti,22,40,9,2,macro,4,10,meta,meta,meta,meta,submeta,meta,meta,meta,meta,NA,NA,NA,NA,NA,0.4,0.4,0.4,0.4,0.3,0.4,0.4,0.4,0.4,NA,NA,NA,NA,NA,"Matthey, 1957; Bourgat, 1972; Rovatsos et al., 2017; this study",11,Furcifer oustaleti,Madagascar,-19.38,46.7,299,Arboreal,Oviparous,30,66,12,12
F12269,Furcifer,furcifer_oustaleti,Furcifer oustaleti,22,40,9,2,macro,4,10,meta,meta,meta,meta,submeta,meta,meta,meta,meta,NA,NA,NA,NA,NA,0.4,0.4,0.4,0.4,0.3,0.4,0.4,0.4,0.4,NA,NA,NA,NA,NA,"Matthey, 1957; Bourgat, 1972; Rovatsos et al., 2017; this study",11,Furcifer oustaleti,Madagascar,-19.38,46.7,299,Arboreal,Oviparous,30,66,12,12
FGA15,Furcifer,furcifer_verrucosus2,Furcifer verrucosus,22,40,9,2,macro,4,14,meta,meta,meta,meta,meta,meta,meta,meta,meta,NA,NA,NA,NA,NA,0.4,0.4,0.4,0.4,0.4,0.4,0.4,0.4,0.4,NA,NA,NA,NA,NA,this study,11,Furcifer verrucosus2,Madagascar,-21.39,45.13,265,Arboreal,Oviparous,11,58,6,12
FGA440,Furcifer,furcifer_verrucosus2,Furcifer verrucosus,22,40,9,2,macro,4,14,meta,meta,meta,meta,meta,meta,meta,meta,meta,NA,NA,NA,NA,NA,0.4,0.4,0.4,0.4,0.4,0.4,0.4,0.4,0.4,NA,NA,NA,NA,NA,this study,11,Furcifer verrucosus2,Madagascar,-21.39,45.13,265,Arboreal,Oviparous,11,58,6,12
F2241,Furcifer,furcifer_pardalis,Furcifer pardalis,22,40,9,2,macro,4,6,meta,submeta,subtelo,subtelo,meta,meta,meta,meta,submeta,NA,NA,NA,NA,NA,0.4,0.3,0.2,0.2,0.4,0.4,0.4,0.4,0.3,NA,NA,NA,NA,NA,"Matthey, 1957; Bourgat, 1972; Rovatsos et al., 2017; this study",11,Furcifer pardalis,Madagascar,-15.38,49.4,250,Arboreal,Oviparous,10,50,6,8
F12266,Furcifer,furcifer_pardalis,Furcifer pardalis,22,40,9,2,macro,4,6,meta,submeta,subtelo,subtelo,meta,meta,meta,meta,submeta,NA,NA,NA,NA,NA,0.4,0.3,0.2,0.2,0.4,0.4,0.4,0.4,0.3,NA,NA,NA,NA,NA,"Matthey, 1957; Bourgat, 1972; Rovatsos et al., 2017; this study",11,Furcifer pardalis,Madagascar,-15.38,49.4,250,Arboreal,Oviparous,10,50,6,8
F1476,Furcifer,furcifer_nicosiai,Furcifer nicosiai,22,40,9,2,macro,2,12,submeta,submeta,meta,meta,submeta,meta,meta,meta,meta,NA,NA,NA,NA,NA,0.3,0.3,0.4,0.4,0.3,0.4,0.4,0.4,0.4,NA,NA,NA,NA,NA,this study,11,Furcifer nicosiai,Madagascar,-18.7,44.77,145,Arboreal,NA,NA,NA,NA,NA
FGA81,Furcifer,furcifer_nicosiai,Furcifer nicosiai,22,40,9,2,macro,2,12,submeta,submeta,meta,meta,submeta,meta,meta,meta,meta,NA,NA,NA,NA,NA,0.3,0.3,0.4,0.4,0.3,0.4,0.4,0.4,0.4,NA,NA,NA,NA,NA,this study,11,Furcifer nicosiai,Madagascar,-18.7,44.77,145,Arboreal,NA,NA,NA,NA,NA
F12278,Furcifer,furcifer_lateralis,Furcifer lateralis,24,44,10,2,macro,3,12,meta,meta,submeta,meta,meta,meta,meta,meta,meta,meta,NA,NA,NA,NA,0.4,0.4,0.3,0.4,0.4,0.4,0.4,0.4,0.4,0.4,NA,NA,NA,NA,"Matthey, 1957; Bourgat, 1972; Rovatsos et al., 2019; this study",12,Furcifer lateralis,Madagascar,-20.44,46.5,139,Arboreal&Saxicolous&Terrestrial,Oviparous,4,23,2,6
F12279,Furcifer,furcifer_lateralis,Furcifer lateralis,24,44,10,2,macro,3,12,meta,meta,submeta,meta,meta,meta,meta,meta,meta,meta,NA,NA,NA,NA,0.4,0.4,0.3,0.4,0.4,0.4,0.4,0.4,0.4,0.4,NA,NA,NA,NA,"Matthey, 1957; Bourgat, 1972; Rovatsos et al., 2019; this study",12,Furcifer lateralis,Madagascar,-20.44,46.5,139,Arboreal&Saxicolous&Terrestrial,Oviparous,4,23,2,6
FGA513,Furcifer,furcifer_viridis,Furcifer viridis,24,44,10,2,macro,3,NA,meta,submeta,meta,submeta,meta,meta,meta,meta,meta,meta,NA,NA,NA,NA,0.4,0.3,0.4,0.3,0.4,0.4,0.4,0.4,0.4,0.4,NA,NA,NA,NA,this study,12,Furcifer viridis,Madagascar,-17.47,46.44,120,NA,NA,NA,NA,NA,NA
FGA516,Furcifer,furcifer_viridis,Furcifer viridis,24,44,10,2,macro,3,NA,meta,submeta,meta,submeta,meta,meta,meta,meta,meta,meta,NA,NA,NA,NA,0.4,0.3,0.4,0.3,0.4,0.4,0.4,0.4,0.4,0.4,NA,NA,NA,NA,this study,12,Furcifer viridis,Madagascar,-17.47,46.44,120,NA,NA,NA,NA,NA,NA
F3015,Furcifer,furcifer_petteri,Furcifer petteri,22,38,8,3,macro,3,6,meta,meta,meta,meta,submeta,meta,meta,meta,NA,NA,NA,NA,NA,NA,0.4,0.4,0.4,0.4,0.3,0.4,0.4,0.4,NA,NA,NA,NA,NA,NA,this study,11,Furcifer petteri,Madagascar,-12.87,49.3,90,Arboreal,Oviparous,11,16,12,12
F3016,Furcifer,furcifer_petteri,Furcifer petteri,22,38,8,3,macro,3,6,meta,meta,meta,meta,submeta,meta,meta,meta,NA,NA,NA,NA,NA,NA,0.4,0.4,0.4,0.4,0.3,0.4,0.4,0.4,NA,NA,NA,NA,NA,NA,this study,11,Furcifer petteri,Madagascar,-12.87,49.3,90,Arboreal,Oviparous,11,16,12,12
FGA331,Furcifer,furcifer_labordi,Furcifer labordi,28,54,13,1,NA,NA,6,meta,meta,submeta,submeta,meta,meta,submeta,meta,meta,submeta,meta,meta,meta,NA,0.4,0.4,0.3,0.3,0.4,0.4,0.3,0.4,0.4,0.3,0.4,0.4,0.4,NA,this study,14,Furcifer labordi,Madagascar,-21.25,44.04,147,Arboreal,Oviparous,8,12,2,3
FGA332,Furcifer,furcifer_labordi,Furcifer labordi,28,54,13,1,NA,NA,6,meta,meta,submeta,submeta,meta,meta,submeta,meta,meta,submeta,meta,meta,meta,NA,0.4,0.4,0.3,0.3,0.4,0.4,0.3,0.4,0.4,0.3,0.4,0.4,0.4,NA,this study,14,Furcifer labordi,Madagascar,-21.25,44.04,147,Arboreal,Oviparous,8,12,2,3
FGA581,Furcifer,furcifer_verrucosus1,Furcifer verrucosus,24,46,11,1,NA,NA,NA,meta,meta,meta,subtelo,meta,meta,subtelo,subtelo,meta,meta,submeta,NA,NA,NA,0.4,0.4,0.4,0.2,0.4,0.4,0.2,0.2,0.4,0.4,0.3,NA,NA,NA,this study,12,Furcifer verrucosus1,Madagascar,-21.39,45.13,265,Arboreal,Oviparous,11,58,6,12
FGA582,Furcifer,furcifer_verrucosus1,Furcifer verrucosus,24,46,11,1,NA,NA,NA,meta,meta,meta,subtelo,meta,meta,subtelo,subtelo,meta,meta,submeta,NA,NA,NA,0.4,0.4,0.4,0.2,0.4,0.4,0.2,0.2,0.4,0.4,0.3,NA,NA,NA,this study,12,Furcifer verrucosus1,Madagascar,-21.39,45.13,265,Arboreal,Oviparous,11,58,6,12
Furant,Furcifer,furcifer_antimena,Furcifer antimena,24,42,10,2,macro,3,12,meta,meta,meta,meta,meta,meta,meta,subtelo,meta,telo,NA,NA,NA,NA,0.4,0.4,0.4,0.4,0.4,0.4,0.4,0.2,0.4,0.1,NA,NA,NA,NA,"Rovatsos et al., 2019",12,Furcifer antimena,Madagascar,-22.59,43.59,170,Terrestrial,Oviparous,8,23,6,6
FGA465,Furcifer,furcifer_belalandaensis,Furcifer belalandaensis,22,40,9,2,macro,NA,14,meta,meta,meta,meta,meta,meta,meta,meta,subtelo,telo,NA,NA,NA,NA,0.4,0.4,0.4,0.4,0.4,0.4,0.4,0.4,0.2,0.1,NA,NA,NA,NA,this study,11,Furcifer belalandaensis,Madagascar,-23.28,43.65,120,Arboreal,Oviparous,NA,NA,NA,NA
FGA104,Furcifer,furcifer_campani,Furcifer campani,26,40,7,6,macro,1,10,meta,meta,meta,meta,meta,meta,meta,NA,NA,NA,NA,NA,NA,NA,0.4,0.4,0.4,0.4,0.4,0.4,0.4,NA,NA,NA,NA,NA,NA,NA,"Matthey, 1957; this study",13,Furcifer campani,Madagascar,-20.45,47.22,70,Terrestrial,Oviparous,4,26,3,3
FGA105,Furcifer,furcifer_campani,Furcifer campani,26,40,7,6,macro,1,10,meta,meta,meta,meta,meta,meta,meta,NA,NA,NA,NA,NA,NA,NA,0.4,0.4,0.4,0.4,0.4,0.4,0.4,NA,NA,NA,NA,NA,NA,NA,"Matthey, 1957; this study",13,Furcifer campani,Madagascar,-20.45,47.22,70,Terrestrial,Oviparous,4,26,3,3
FGA489,Furcifer,furcifer_minor,Furcifer minor,22,34,8,3,macro,2,2,meta,meta,meta,meta,meta,meta,telo,telo,NA,NA,NA,NA,NA,NA,0.4,0.4,0.4,0.4,0.4,0.4,0.1,0.1,NA,NA,NA,NA,NA,NA,"Rovatsos et al., 2019; this study",11,Furcifer minor,Madagascar,-20.58,46.72,100,Arboreal,Oviparous,8,16,5,8
FGA490,Furcifer,furcifer_rhinoceratus,Furcifer rhinoceratus,22,40,9,2,macro,3,NA,submeta,meta,meta,meta,meta,meta,meta,meta,meta,NA,NA,NA,NA,NA,0.3,0.4,0.4,0.4,0.4,0.4,0.4,0.4,0.4,NA,NA,NA,NA,NA,"Matthey & van Brink, 1956, 1960; this study",11,Furcifer rhinoceratus,Madagascar,-16.06,46.34,143,Arboreal&Terrestrial,Oviparous,NA,NA,NA,NA
FGA174,Furcifer,furcifer_willsii,Furcifer willsii,28,42,7,7,macro,NA,4,meta,meta,meta,meta,meta,meta,meta,NA,NA,NA,NA,NA,NA,NA,0.4,0.4,0.4,0.4,0.4,0.4,0.4,NA,NA,NA,NA,NA,NA,NA,"Rovatsos et al., 2019, this study",14,Furcifer willsii,Madagascar,-16.93,48.8,82,Arboreal,Oviparous,8,15,4,4
FGA175,Furcifer,furcifer_willsii,Furcifer willsii,28,42,7,7,macro,NA,4,meta,meta,meta,meta,meta,meta,meta,NA,NA,NA,NA,NA,NA,NA,0.4,0.4,0.4,0.4,0.4,0.4,0.4,NA,NA,NA,NA,NA,NA,NA,"Rovatsos et al., 2019, this study",14,Furcifer willsii,Madagascar,-16.93,48.8,82,Arboreal,Oviparous,8,15,4,4
FGA456,Furcifer,furcifer_major,Furcifer major,24,42,9,3,macro,2,NA,meta,submeta,submeta,meta,meta,meta,meta,meta,meta,NA,NA,NA,NA,NA,0.4,0.3,0.3,0.4,0.4,0.4,0.4,0.4,0.4,NA,NA,NA,NA,NA,this study,12,Furcifer major,Madagascar,-23.57,45.23,117,NA,NA,13,14,NA,NA
FurbGB,Furcifer,furcifer_bifidus,Furcifer bifidus,24,40,8,4,macro,2,0,meta,meta,meta,meta,meta,submeta,meta,meta,NA,NA,NA,NA,NA,NA,0.4,0.4,0.4,0.4,0.4,0.3,0.4,0.4,NA,NA,NA,NA,NA,NA,"Rovatsos et al., 2019",12,Furcifer bifidus,Madagascar,-16.24,49.47,200,Arboreal,Oviparous,NA,NA,NA,NA
Furang,Furcifer,furcifer_angeli,Furcifer angeli,22,NA,9,2,NA,NA,NA,NA,NA,NA,NA,NA,NA,NA,NA,NA,NA,NA,NA,NA,NA,NA,NA,NA,NA,NA,NA,NA,NA,NA,NA,NA,NA,NA,NA,Bourgat 1973,11,Furcifer angeli,Madagascar,-16.01,46.8,160,Arboreal,Oviparous,NA,NA,NA,NA
Furcep,Furcifer,furcifer_cephalolepis,Furcifer cephalolepis,28,52,12,2,NA,NA,NA,meta,submeta,meta,meta,submeta,meta,meta,meta,meta,meta,meta,meta,NA,NA,0.4,0.3,0.4,0.4,0.3,0.4,0.4,0.4,0.4,0.4,0.4,0.4,NA,NA,Matthey 1957,14,Furcifer cephalolepis,Madagascar,-11.66,43.34,77,Arboreal,Oviparous,4,7,12,12
Furpol,Furcifer,furcifer_polleni,Furcifer polleni,24,40,8,4,NA,NA,NA,submeta,submeta,meta,subtelo,subtelo,submeta,meta,meta,NA,NA,NA,NA,NA,NA,0.3,0.3,0.4,0.2,0.2,0.3,0.4,0.4,NA,NA,NA,NA,NA,NA,"Bourgat, 1973",12,Furcifer polleni,Madagascar,-12.8,45.12,104,Arboreal,Oviparous,6,12,NA,NA
C2208,Calumma,calumma_tarzan,Calumma tarzan,38,50,6,13,NA,NA,NA,meta,meta,meta,meta,meta,meta,NA,NA,NA,NA,NA,NA,NA,NA,0.4,0.4,0.4,0.4,0.4,0.4,NA,NA,NA,NA,NA,NA,NA,NA,this study,19,Calumma tarzan,Madagascar,-19.44,48.27,72.6,Arboreal,NA,NA,NA,NA,NA
C3043,Calumma,calumma_gastrotaenia,Calumma gastrotaenia,36,48,6,12,NA,NA,0,meta,meta,meta,meta,meta,meta,NA,NA,NA,NA,NA,NA,NA,NA,0.4,0.4,0.4,0.4,0.4,0.4,NA,NA,NA,NA,NA,NA,NA,NA,"Bourgat, 1971",18,Calumma gastrotaenia,Madagascar,-18.69,47.76,73,Arboreal,Oviparous,NA,NA,NA,NA
CGA87,Calumma,calumma_gastrotaenia,Calumma gastrotaenia,36,48,6,12,NA,NA,0,meta,meta,meta,meta,meta,meta,NA,NA,NA,NA,NA,NA,NA,NA,0.4,0.4,0.4,0.4,0.4,0.4,NA,NA,NA,NA,NA,NA,NA,NA,"Bourgat, 1971",18,Calumma gastrotaenia,Madagascar,-18.69,47.76,73,Arboreal,Oviparous,NA,NA,NA,NA
CGA45,Calumma,calumma_sp3,Calumma sp3,34,48,7,10,NA,NA,NA,meta,meta,meta,meta,meta,meta,meta,NA,NA,NA,NA,NA,NA,NA,0.4,0.4,0.4,0.4,0.4,0.4,0.4,NA,NA,NA,NA,NA,NA,NA,this study,17,Calumma sp3,NA,NA,NA,NA,NA,NA,NA,NA,NA,NA
CGA46,Calumma,calumma_sp3,Calumma sp3,34,48,7,10,NA,NA,NA,meta,meta,meta,meta,meta,meta,meta,NA,NA,NA,NA,NA,NA,NA,0.4,0.4,0.4,0.4,0.4,0.4,0.4,NA,NA,NA,NA,NA,NA,NA,this study,17,Calumma sp3,NA,NA,NA,NA,NA,NA,NA,NA,NA,NA
CGA429,Calumma,calumma_sp1,Calumma sp1,30,44,7,8,macro,2,NA,meta,meta,submeta,meta,submeta,meta,telo,NA,NA,NA,NA,NA,NA,NA,0.4,0.4,0.3,0.4,0.3,0.4,0.1,NA,NA,NA,NA,NA,NA,NA,this study,15,Calumma sp1,NA,NA,NA,NA,NA,NA,NA,NA,NA,NA
CGA430,Calumma,calumma_sp1,Calumma sp1,30,44,7,8,macro,2,NA,meta,meta,submeta,meta,submeta,meta,telo,NA,NA,NA,NA,NA,NA,NA,0.4,0.4,0.3,0.4,0.3,0.4,0.1,NA,NA,NA,NA,NA,NA,NA,this study,15,Calumma sp1,NA,NA,NA,NA,NA,NA,NA,NA,NA,NA
CGA312,Calumma,calumma_malthe,Calumma malthe,36,46,6,12,macro,1,4,meta,telo,meta,meta,meta,meta,NA,NA,NA,NA,NA,NA,NA,NA,0.4,0.1,0.4,0.4,0.4,0.4,NA,NA,NA,NA,NA,NA,NA,NA,"Rovatsos et al., 2017; this study",18,Calumma malthe,Madagascar,-16.71,48.88,135,Arboreal,Oviparous,34,34,NA,NA
CGA963,Calumma,calumma_malthe,Calumma malthe,36,46,6,12,macro,1,4,meta,telo,meta,meta,meta,meta,NA,NA,NA,NA,NA,NA,NA,NA,0.4,0.1,0.4,0.4,0.4,0.4,NA,NA,NA,NA,NA,NA,NA,NA,"Rovatsos et al., 2017; this study",18,Calumma malthe,Madagascar,-16.71,48.88,135,Arboreal,Oviparous,34,34,NA,NA
CGA236,Calumma,calumma_radamanus_complex,Calumma radamanus,34,52,9,8,macro,2,4,meta,meta,meta,meta,submeta,meta,meta,meta,meta,NA,NA,NA,NA,NA,0.4,0.4,0.4,0.4,0.3,0.4,0.4,0.4,0.4,NA,NA,NA,NA,NA,"Matthey, 1957; this study",17,Calumma radamanus,NA,NA,NA,NA,NA,NA,NA,NA,NA,NA
CGA453,Calumma,calumma_oshaughnessyi,Calumma oshaughnessyi,36,48,6,12,macro,2,0,meta,subtelo,meta,meta,meta,meta,NA,NA,NA,NA,NA,NA,NA,NA,0.4,0.2,0.4,0.4,0.4,0.4,NA,NA,NA,NA,NA,NA,NA,NA,"Bourgat, 1971; this study",18,Calumma oshaughnessyi,Madagascar,-22.09,47.26,180,Arboreal&Terrestrial,Oviparous,NA,NA,NA,NA
CGA383,Calumma,calumma_oshaughnessyi,Calumma oshaughnessyi,36,48,6,12,macro,2,0,meta,subtelo,meta,meta,meta,meta,NA,NA,NA,NA,NA,NA,NA,NA,0.4,0.2,0.4,0.4,0.4,0.4,NA,NA,NA,NA,NA,NA,NA,NA,"Bourgat, 1971; this study",18,Calumma oshaughnessyi,Madagascar,-22.09,47.26,180,Arboreal&Terrestrial,Oviparous,NA,NA,NA,NA
C12265,Calumma,calumma_hilleniusi,Calumma hilleniusi,36,54,9,9,NA,NA,NA,meta,meta,meta,meta,meta,meta,meta,meta,meta,NA,NA,NA,NA,NA,0.4,0.4,0.4,0.4,0.4,0.4,0.4,0.4,0.4,NA,NA,NA,NA,NA,this study,18,Calumma hilleniusi,Madagascar,-21.05,46.5,73,Arboreal&Terrestrial,Oviparous,7,10,NA,NA
C404,Calumma,calumma_crypticum,Calumma crypticum,30,46,8,7,macro,2,4,meta,meta,submeta,meta,meta,meta,meta,telo,NA,NA,NA,NA,NA,NA,0.4,0.4,0.3,0.4,0.4,0.4,0.4,0.1,NA,NA,NA,NA,NA,NA,this study,15,Calumma crypticum,Madagascar,-19.08,47.88,115,NA,NA,NA,NA,NA,NA
Cl11778,Calumma,calumma_brevicorne2,Calumma brevicorne,32,48,8,8,macro,2,4,meta,meta,meta,meta,meta,meta,meta,meta,NA,NA,NA,NA,NA,NA,0.4,0.4,0.4,0.4,0.4,0.4,0.4,0.4,NA,NA,NA,NA,NA,NA,this study,16,Calumma brevicorne2,Madagascar,-18.13,48.31,170,Arboreal&Terrestrial,Oviparous,5,30,8,8
Cl11779,Calumma,calumma_brevicorne2,Calumma brevicorne,32,48,8,8,macro,2,4,meta,meta,meta,meta,meta,meta,meta,meta,NA,NA,NA,NA,NA,NA,0.4,0.4,0.4,0.4,0.4,0.4,0.4,0.4,NA,NA,NA,NA,NA,NA,this study,16,Calumma brevicorne2,Madagascar,-18.13,48.31,170,Arboreal&Terrestrial,Oviparous,5,30,8,8
CGA501,Calumma,calumma_globifer,Calumma globifer,36,48,6,12,macro,2,0,meta,submeta,meta,meta,meta,meta,NA,NA,NA,NA,NA,NA,NA,NA,0.4,0.3,0.4,0.4,0.4,0.4,NA,NA,NA,NA,NA,NA,NA,NA,"Bourgat, 1973; Rovatsos et al., 2017; this study",18,Calumma globifer,Madagascar,-17.31,48.38,187,Arboreal,Oviparous,25,50,8,8
C11776,Calumma,calumma_globifer,Calumma globifer,36,48,6,12,macro,2,0,meta,submeta,meta,meta,meta,meta,NA,NA,NA,NA,NA,NA,NA,NA,0.4,0.3,0.4,0.4,0.4,0.4,NA,NA,NA,NA,NA,NA,NA,NA,"Bourgat, 1973; Rovatsos et al., 2017; this study",18,Calumma globifer,Madagascar,-17.31,48.38,187,Arboreal,Oviparous,25,50,8,8
CGA364,Calumma,calumma_glawi,Calumma glawi,36,50,7,11,NA,NA,NA,meta,meta,meta,meta,submeta,submeta,meta,NA,NA,NA,NA,NA,NA,NA,0.4,0.4,0.4,0.4,0.3,0.3,0.4,NA,NA,NA,NA,NA,NA,NA,this study,18,Calumma glawi,Madagascar,-21.46,47.4,68,Arboreal,Oviparous,NA,NA,NA,NA
CGA368,Calumma,calumma_gastrotaenia2,Calumma gastrotaenia,36,48,6,12,macro,2,0,meta,meta,meta,meta,meta,meta,NA,NA,NA,NA,NA,NA,NA,NA,0.4,0.4,0.4,0.4,0.4,0.4,NA,NA,NA,NA,NA,NA,NA,NA,this study,18,Calumma gastrotaenia2,Madagascar,-18.69,47.76,73,Arboreal,Oviparous,NA,NA,NA,NA
CGA557,Calumma,calumma_gastrotaenia2,Calumma gastrotaenia,36,48,6,12,macro,2,0,meta,meta,meta,meta,meta,meta,NA,NA,NA,NA,NA,NA,NA,NA,0.4,0.4,0.4,0.4,0.4,0.4,NA,NA,NA,NA,NA,NA,NA,NA,this study,18,Calumma gastrotaenia2,Madagascar,-18.69,47.76,73,Arboreal,Oviparous,NA,NA,NA,NA
CGA311,Calumma,calumma_furcifer,Calumma furcifer,36,48,6,12,NA,NA,NA,meta,meta,meta,meta,meta,meta,NA,NA,NA,NA,NA,NA,NA,NA,0.4,0.4,0.4,0.4,0.4,0.4,NA,NA,NA,NA,NA,NA,NA,NA,this study,18,Calumma furcifer,Madagascar,-18.4,48.78,72,Arboreal&Terrestrial,Oviparous,NA,NA,NA,NA
CGA310,Calumma,calumma_emelinae,Calumma emelinae,30,44,7,8,macro,2,NA,meta,meta,meta,meta,meta,meta,meta,NA,NA,NA,NA,NA,NA,NA,0.4,0.4,0.4,0.4,0.4,0.4,0.4,NA,NA,NA,NA,NA,NA,NA,this study,15,Calumma emelinae,NA,NA,NA,NA,NA,NA,NA,NA,NA,NA
CGA314,Calumma,calumma_emelinae,Calumma emelinae,30,44,7,8,macro,2,NA,meta,meta,meta,meta,meta,meta,meta,NA,NA,NA,NA,NA,NA,NA,0.4,0.4,0.4,0.4,0.4,0.4,0.4,NA,NA,NA,NA,NA,NA,NA,this study,15,Calumma emelinae,NA,NA,NA,NA,NA,NA,NA,NA,NA,NA
CGA365,Calumma,calumma_fallax1,Calumma fallax,30,44,7,8,macro,2,NA,meta,meta,meta,meta,meta,meta,meta,NA,NA,NA,NA,NA,NA,NA,0.4,0.4,0.4,0.4,0.4,0.4,0.4,NA,NA,NA,NA,NA,NA,NA,this study,15,Calumma fallax1,Madagascar,-18.15,48.6,48.8,Arboreal&Terrestrial,Oviparous,NA,NA,NA,NA
CGA382,Calumma,calumma_fallax1,Calumma fallax,30,44,7,8,macro,2,NA,meta,meta,meta,meta,meta,meta,meta,NA,NA,NA,NA,NA,NA,NA,0.4,0.4,0.4,0.4,0.4,0.4,0.4,NA,NA,NA,NA,NA,NA,NA,this study,15,Calumma fallax1,Madagascar,-18.15,48.6,48.8,Arboreal&Terrestrial,Oviparous,NA,NA,NA,NA
CGA48,Calumma,calumma_brevicorne1,Calumma brevicorne,32,50,9,7,macro,1,2,meta,meta,meta,meta,meta,meta,meta,meta,meta,NA,NA,NA,NA,NA,0.4,0.4,0.4,0.4,0.4,0.4,0.4,0.4,0.4,NA,NA,NA,NA,NA,"Matthey, 1957; Bourgat, 1972; Rovatsos et al., 2017; this study",16,Calumma brevicorne1,Madagascar,-18.13,48.31,170,Arboreal&Terrestrial,Oviparous,5,30,8,8
CGA594,Calumma,calumma_brevicorne1,Calumma brevicorne,32,50,9,7,macro,1,2,meta,meta,meta,meta,meta,meta,meta,meta,meta,NA,NA,NA,NA,NA,0.4,0.4,0.4,0.4,0.4,0.4,0.4,0.4,0.4,NA,NA,NA,NA,NA,"Matthey, 1957; Bourgat, 1972; Rovatsos et al., 2017; this study",16,Calumma brevicorne1,Madagascar,-18.13,48.31,170,Arboreal&Terrestrial,Oviparous,5,30,8,8
C3126,Calumma,calumma_amber,Calumma amber,38,56,9,10,NA,NA,0,meta,meta,meta,meta,meta,meta,meta,meta,meta,NA,NA,NA,NA,NA,0.4,0.4,0.4,0.4,0.4,0.4,0.4,0.4,0.4,NA,NA,NA,NA,NA,this study,19,Calumma amber,Madagascar,-12.56,49.15,112,Arboreal,NA,NA,NA,NA,NA
C3134,Calumma,calumma_amber,Calumma amber,38,56,9,10,NA,NA,0,meta,meta,meta,meta,meta,meta,meta,meta,meta,NA,NA,NA,NA,NA,0.4,0.4,0.4,0.4,0.4,0.4,0.4,0.4,0.4,NA,NA,NA,NA,NA,this study,19,Calumma amber,Madagascar,-12.56,49.15,112,Arboreal,NA,NA,NA,NA,NA
C3121,Calumma,calumma_ambreense,Calumma ambreense,34,46,6,11,macro,2,NA,meta,submeta,meta,meta,meta,meta,NA,NA,NA,NA,NA,NA,NA,NA,0.4,0.3,0.4,0.4,0.4,0.4,NA,NA,NA,NA,NA,NA,NA,NA,this study,17,Calumma ambreense,Madagascar,-12.61,49.14,174,Arboreal,NA,NA,NA,NA,NA
C3123,Calumma,calumma_ambreense,Calumma ambreense,34,46,6,11,macro,2,NA,meta,submeta,meta,meta,meta,meta,NA,NA,NA,NA,NA,NA,NA,NA,0.4,0.3,0.4,0.4,0.4,0.4,NA,NA,NA,NA,NA,NA,NA,NA,this study,17,Calumma ambreense,Madagascar,-12.61,49.14,174,Arboreal,NA,NA,NA,NA,NA
C984,Calumma,calumma_nasutum,Calumma nasutum,28,42,7,7,macro,1,4,meta,meta,meta,meta,meta,meta,meta,NA,NA,NA,NA,NA,NA,NA,0.4,0.4,0.4,0.4,0.4,0.4,0.4,NA,NA,NA,NA,NA,NA,NA,this study,14,Calumma nasutum,Madagascar,-17.97,48.18,50,Arboreal&Terrestrial,Oviparous,2,5,NA,NA
C985,Calumma,calumma_nasutum,Calumma nasutum,28,42,7,7,macro,1,4,meta,meta,meta,meta,meta,meta,meta,NA,NA,NA,NA,NA,NA,NA,0.4,0.4,0.4,0.4,0.4,0.4,0.4,NA,NA,NA,NA,NA,NA,NA,this study,14,Calumma nasutum,Madagascar,-17.97,48.18,50,Arboreal&Terrestrial,Oviparous,2,5,NA,NA
C601,Calumma,calumma_gallus1,Calumma gallus,36,52,8,10,NA,NA,NA,meta,meta,meta,meta,meta,meta,meta,meta,NA,NA,NA,NA,NA,NA,0.4,0.4,0.4,0.4,0.4,0.4,0.4,0.4,NA,NA,NA,NA,NA,NA,this study,18,Calumma gallus1,Madagascar,-18.86,48.66,60,Arboreal&Terrestrial,Oviparous,NA,NA,NA,NA
C602,Calumma,calumma_gallus1,Calumma gallus,36,52,8,10,NA,NA,NA,meta,meta,meta,meta,meta,meta,meta,meta,NA,NA,NA,NA,NA,NA,0.4,0.4,0.4,0.4,0.4,0.4,0.4,0.4,NA,NA,NA,NA,NA,NA,this study,18,Calumma gallus1,Madagascar,-18.86,48.66,60,Arboreal&Terrestrial,Oviparous,NA,NA,NA,NA
C3125,Calumma,calumma_sp2,Calumma sp2,36,48,6,12,NA,NA,0,meta,meta,meta,meta,meta,meta,NA,NA,NA,NA,NA,NA,NA,NA,0.4,0.4,0.4,0.4,0.4,0.4,NA,NA,NA,NA,NA,NA,NA,NA,this study,18,Calumma sp2,NA,NA,NA,NA,NA,NA,NA,NA,NA,NA
C3118,Calumma,calumma_parsonii,Calumma parsonii,36,48,6,12,macro,2,0,meta,meta,meta,meta,meta,meta,NA,NA,NA,NA,NA,NA,NA,NA,0.4,0.4,0.4,0.4,0.4,0.4,NA,NA,NA,NA,NA,NA,NA,NA,"Matthey, 1957; Rovatsos et al., 2017; this study",18,Calumma parsonii,Madagascar,-17.53,48.59,300,Arboreal,Oviparous,16,60,20,60
Calparcri,Calumma,calumma_parsonii_cristifer,Calumma parsonii,36,48,6,12,NA,NA,NA,meta,subtelo,meta,meta,meta,meta,NA,NA,NA,NA,NA,NA,NA,NA,0.4,0.2,0.4,0.4,0.4,0.4,NA,NA,NA,NA,NA,NA,NA,NA,"De Smet, 1981",18,Calumma parsonii,Madagascar,-17.53,48.59,300,Arboreal,Oviparous,16,60,20,60
CGA642,Calumma,calumma_gallus3,Calumma gallus,34,46,6,11,NA,NA,NA,meta,meta,meta,meta,meta,meta,NA,NA,NA,NA,NA,NA,NA,NA,0.4,0.4,0.4,0.4,0.4,0.4,NA,NA,NA,NA,NA,NA,NA,NA,this study,17,Calumma gallus3,Madagascar,-18.86,48.66,60,Arboreal&Terrestrial,Oviparous,NA,NA,NA,NA
CGA494,Calumma,calumma_fallax2,Calumma fallax,28,42,7,7,NA,NA,NA,meta,meta,meta,meta,meta,meta,meta,NA,NA,NA,NA,NA,NA,NA,0.4,0.4,0.4,0.4,0.4,0.4,0.4,NA,NA,NA,NA,NA,NA,NA,this study,14,Calumma fallax2,Madagascar,-18.15,48.6,48.8,Arboreal&Terrestrial,Oviparous,NA,NA,NA,NA
CGA495,Calumma,calumma_fallax2,Calumma fallax,28,42,7,7,NA,NA,NA,meta,meta,meta,meta,meta,meta,meta,NA,NA,NA,NA,NA,NA,NA,0.4,0.4,0.4,0.4,0.4,0.4,0.4,NA,NA,NA,NA,NA,NA,NA,this study,14,Calumma fallax2,Madagascar,-18.15,48.6,48.8,Arboreal&Terrestrial,Oviparous,NA,NA,NA,NA
CGA763,Calumma,calumma_gallus2,Calumma gallus,32,44,6,10,NA,NA,NA,meta,meta,meta,meta,meta,meta,NA,NA,NA,NA,NA,NA,NA,NA,0.4,0.4,0.4,0.4,0.4,0.4,NA,NA,NA,NA,NA,NA,NA,NA,this study,16,Calumma gallus2,Madagascar,-18.86,48.66,60,Arboreal&Terrestrial,Oviparous,NA,NA,NA,NA
CGA764,Calumma,calumma_gallus2,Calumma gallus,32,44,6,10,NA,NA,NA,meta,meta,meta,meta,meta,meta,NA,NA,NA,NA,NA,NA,NA,NA,0.4,0.4,0.4,0.4,0.4,0.4,NA,NA,NA,NA,NA,NA,NA,NA,this study,16,Calumma gallus2,Madagascar,-18.86,48.66,60,Arboreal&Terrestrial,Oviparous,NA,NA,NA,NA
Calboe,Calumma,calumma_boettgeri,Calumma boettgeri,28,40,6,8,NA,NA,NA,meta,meta,meta,meta,meta,meta,NA,NA,NA,NA,NA,NA,NA,NA,0.4,0.4,0.4,0.4,0.4,0.4,NA,NA,NA,NA,NA,NA,NA,NA,"Bourgat, 1973; De Smet, 1981",14,Calumma boettgeri,Madagascar,-13.73,49.21,59,Arboreal&Terrestrial,Oviparous,2,5,9,9
Bratha,Bradypodion,bradypodion_thamnobates,Bradypodion thamnobates,34,46,6,11,macro,2,2,meta,meta,meta,meta,meta,meta,NA,NA,NA,NA,NA,NA,NA,NA,0.4,0.4,0.4,0.4,0.4,0.4,NA,NA,NA,NA,NA,NA,NA,NA,"Gordon et al., 1989; Rovatsos et al., 2017",17,Bradypodion thamnobates,Afrotropic,-29.79,29.86,103,Arboreal,Viviparous,7,30,3,12
Bramel,Bradypodion,bradypodion_melanocephalum,Bradypodion melanocephalum,34,46,6,11,macro,2,NA,meta,meta,meta,meta,meta,meta,NA,NA,NA,NA,NA,NA,NA,NA,0.4,0.4,0.4,0.4,0.4,0.4,NA,NA,NA,NA,NA,NA,NA,NA,"Gordon et al., 1989",17,Bradypodion melanocephalum,Afrotropic,-29.88,30.36,76,Arboreal,Viviparous,10,19,NA,NA
Bratra,Bradypodion,bradypodion_transvaalense,Bradypodion transvaalense,34,46,6,11,macro,2,NA,meta,meta,meta,meta,meta,meta,NA,NA,NA,NA,NA,NA,NA,NA,0.4,0.4,0.4,0.4,0.4,0.4,NA,NA,NA,NA,NA,NA,NA,NA,"Gordon et al., 1989",17,Bradypodion transvaalense,Afrotropic,-24.63,30.44,86,Arboreal,Viviparous,7,17,18,18
Bradra,Bradypodion,bradypodion_dracomontanum,Bradypodion dracomontanum,34,46,6,11,macro,2,NA,meta,meta,meta,meta,meta,meta,NA,NA,NA,NA,NA,NA,NA,NA,0.4,0.4,0.4,0.4,0.4,0.4,NA,NA,NA,NA,NA,NA,NA,NA,"Gordon et al., 1989",17,Bradypodion dracomontanum,Afrotropic,-29.35,29.52,81.5,Arboreal,Viviparous,8,14,8,8
Brapum,Bradypodion,bradypodion_pumilum,Bradypodion pumilum,34,46,6,11,macro,2,NA,meta,meta,meta,meta,meta,meta,NA,NA,NA,NA,NA,NA,NA,NA,0.4,0.4,0.4,0.4,0.4,0.4,NA,NA,NA,NA,NA,NA,NA,NA,"Matthey & van Brink, 1956; Matthey, 1957",17,Bradypodion pumilum,Afrotropic,-30.36,17.74,103.6,Arboreal&Terrestrial,Viviparous,2,21,5,18
Bradam,Bradypodion,bradypodion_damaranum,Bradypodion damaranum,34,46,6,11,macro,2,NA,meta,meta,meta,meta,meta,meta,NA,NA,NA,NA,NA,NA,NA,NA,0.4,0.4,0.4,0.4,0.4,0.4,NA,NA,NA,NA,NA,NA,NA,NA,"Gordon, 1989 unpublished; Gordon et al., 1989",17,Bradypodion damaranum,Afrotropic,-33.86,22.9,82.3,Arboreal,Viviparous,2,21,8,9
Braset,Bradypodion,bradypodion_setaroi,Bradypodion setaroi,34,46,6,11,macro,2,NA,meta,meta,meta,meta,meta,meta,NA,NA,NA,NA,NA,NA,NA,NA,0.4,0.4,0.4,0.4,0.4,0.4,NA,NA,NA,NA,NA,NA,NA,NA,"Gordon, 1989 unpublished; Gordon et al., 1989",17,Bradypodion setaroi,Afrotropic,-27.8,32.05,72,Arboreal,Viviparous,6,11,4,5
Bragut,Bradypodion,bradypodion_gutturale,Bradypodion gutturale,34,46,6,11,macro,2,NA,meta,meta,meta,meta,meta,meta,NA,NA,NA,NA,NA,NA,NA,NA,0.4,0.4,0.4,0.4,0.4,0.4,NA,NA,NA,NA,NA,NA,NA,NA,"Gordon, 1989 unpublished; Gordon et al., 1989",17,Bradypodion gutturale,Afrotropic,-33.49,20.54,85,Arboreal,Viviparous,10,20,18,18
Braven,Bradypodion,bradypodion_ventrale,Bradypodion ventrale,34,46,6,11,macro,2,NA,meta,meta,meta,meta,meta,meta,NA,NA,NA,NA,NA,NA,NA,NA,0.4,0.4,0.4,0.4,0.4,0.4,NA,NA,NA,NA,NA,NA,NA,NA,"Gordon, 1989 unpublished; Gordon et al., 1989",17,Bradypodion ventrale,Afrotropic,-31.81,24.55,102,Arboreal,Viviparous,4,22,18,18
Chacha,Chamaeleo,chamaeleo_chamaeleon,Chamaeleo chamaeleon,24,36,6,6,macro,2,6,meta,meta,meta,meta,meta,meta,NA,NA,NA,NA,NA,NA,NA,NA,0.4,0.4,0.4,0.4,0.4,0.4,NA,NA,NA,NA,NA,NA,NA,NA,"Matthey, 1957; Branch, 1980; Rovatsos et al., 2017; Sidhom et al., 2020a,b",12,Chamaeleo chamaeleon,Palearctic,31.03,14.58,170,Arboreal,Oviparous,3,50,7,12
Chacaly,Chamaeleo,chamaeleo_calyptratus,Chamaeleo calyptratus,24,36,6,6,macro,1,4,meta,meta,meta,meta,meta,meta,NA,NA,NA,NA,NA,NA,NA,NA,0.4,0.4,0.4,0.4,0.4,0.4,NA,NA,NA,NA,NA,NA,NA,NA,"Pokorna et al., 2011; Rovatsos et al., 2015, 2017",12,Chamaeleo calyptratus,Afrotropic,16.35,43.36,239,Arboreal,Oviparous,11,95,6,6
Chadil,Chamaeleo,chamaeleo_dilepis,Chamaeleo dilepis,24,36,6,6,macro,2,NA,meta,meta,meta,meta,meta,meta,NA,NA,NA,NA,NA,NA,NA,NA,0.4,0.4,0.4,0.4,0.4,0.4,NA,NA,NA,NA,NA,NA,NA,NA,"Matthey, 1957; De Smet, 1981",12,Chamaeleo dilepis,Afrotropic,-8.73,27,195,Arboreal&Terrestrial,Oviparous,2,77,9,12
Chanam,Chamaeleo,chamaeleo_namaquensis,Chamaeleo namaquensis,24,36,6,6,NA,NA,NA,meta,meta,meta,meta,meta,meta,NA,NA,NA,NA,NA,NA,NA,NA,0.4,0.4,0.4,0.4,0.4,0.4,NA,NA,NA,NA,NA,NA,NA,NA,"Robinson, 1979",12,Chamaeleo namaquensis,Afrotropic,-24.95,17.23,160,Terrestrial,Oviparous,6,30,5,5
Chazey,Chamaeleo,chamaeleo_zeylanicus,Chamaeleo zeylanicus,24,36,6,6,NA,NA,NA,meta,meta,meta,meta,meta,meta,NA,NA,NA,NA,NA,NA,NA,NA,0.4,0.4,0.4,0.4,0.4,0.4,NA,NA,NA,NA,NA,NA,NA,NA,"Matthey, 1931",12,Chamaeleo zeylanicus,Oriental,19.63,78.01,235,Arboreal,Oviparous,10,65,NA,NA
Chasen,Chamaeleo,chamaeleo_senegalensis,Chamaeleo senegalensis,24,36,6,6,NA,NA,NA,meta,meta,meta,meta,submeta,meta,NA,NA,NA,NA,NA,NA,NA,NA,0.4,0.4,0.4,0.4,0.3,0.4,NA,NA,NA,NA,NA,NA,NA,NA,"Matthey, 1957",12,Chamaeleo senegalensis,Afrotropic,9.79,3.77,152,Arboreal,Oviparous,7,60,5,5
Chaafr,Chamaeleo,chamaeleo_africanus,Chamaeleo africanus,24,36,6,6,NA,NA,NA,meta,submeta,meta,meta,meta,meta,NA,NA,NA,NA,NA,NA,NA,NA,0.4,0.3,0.4,0.4,0.4,0.4,NA,NA,NA,NA,NA,NA,NA,NA,"Matthey & van Brink, 1960",12,Chamaeleo africanus,Afrotropic,14.03,20.07,200,Arboreal&Terrestrial,Oviparous,15,53,12,15
Kinboe,Kinyongia,kinyongia_boehmei,Kinyongia boehmei,36,48,6,12,macro,2,0,meta,meta,meta,meta,meta,meta,NA,NA,NA,NA,NA,NA,NA,NA,0.4,0.4,0.4,0.4,0.4,0.4,NA,NA,NA,NA,NA,NA,NA,NA,"Rovatsos et al., 2017",18,Kinyongia boehmei,Afrotropic,-3.37,38.39,97,Arboreal,Oviparous,8,12,NA,NA
Kinxen,Kinyongia,kinyongia_xenorhina,Kinyongia xenorhina,36,48,6,12,macro,2,0,meta,meta,meta,meta,meta,submeta,NA,NA,NA,NA,NA,NA,NA,NA,0.4,0.4,0.4,0.4,0.4,0.3,NA,NA,NA,NA,NA,NA,NA,NA,"Rovatsos et al., 2017",18,Kinyongia xenorhina,Afrotropic,0.1,29.56,103,Arboreal,Oviparous,6,6,NA,NA
Kinfis,Kinyongia,kinyongia_fischeri,Kinyongia fischeri,36,48,6,12,NA,NA,NA,meta,meta,meta,meta,meta,meta,NA,NA,NA,NA,NA,NA,NA,NA,0.4,0.4,0.4,0.4,0.4,0.4,NA,NA,NA,NA,NA,NA,NA,NA,"Matthey & van Brink, 1956; Matthey, 1957",18,Kinyongia fischeri,Afrotropic,-5.76,37.57,200,Arboreal,Oviparous,10,32,6,6
Rhatem,Rhampholeon,rhampholeon_temporalis,Rhampholeon temporalis,22,38,8,3,macro,2,4,meta,meta,meta,submeta,submeta,submeta,meta,submeta,NA,NA,NA,NA,NA,NA,0.4,0.4,0.4,0.3,0.3,0.3,0.4,0.3,NA,NA,NA,NA,NA,NA,"Rovatsos et al., 2017",11,Rhampholeon temporalis,Afrotropic,-5.03,38.67,50,Arboreal&Terrestrial,Oviparous,3,8,NA,NA
Rhamar,Rhampholeon,rhampholeon_marshalli,Rhampholeon marshalli,20,38,9,1,NA,NA,NA,meta,meta,meta,meta,meta,meta,meta,meta,meta,NA,NA,NA,NA,NA,0.4,0.4,0.4,0.4,0.4,0.4,0.4,0.4,0.4,NA,NA,NA,NA,NA,"Wright & Broadley, 1973",10,Rhampholeon marshalli,Afrotropic,-18.83,32.8,73,Arboreal&Terrestrial,Oviparous,10,18,24,36
Rhaspe,Rhampholeon,rhampholeon_spectrum,Rhampholeon spectrum,20,38,9,1,NA,NA,NA,meta,meta,meta,meta,meta,meta,meta,meta,meta,NA,NA,NA,NA,NA,0.4,0.4,0.4,0.4,0.4,0.4,0.4,0.4,0.4,NA,NA,NA,NA,NA,"Matthey, 1957; Matthey & van Brink, 1960",10,Rhampholeon spectrum,Afrotropic,2.15,13.39,61,Arboreal&Terrestrial,Oviparous,1,5,3,3
Riebrev,Rieppeleon,rieppeleon_brevicaudatus,Rieppeleon brevicaudatus,62,62,14,17,macro,6,0,telo,telo,telo,telo,telo,telo,telo,telo,telo,telo,telo,telo,telo,telo,0.1,0.1,0.1,0.1,0.1,0.1,0.1,0.1,0.1,0.1,0.1,0.1,0.1,0.1,"Rovatsos et al., 2017",31,Rieppeleon brevicaudatus,Afrotropic,-7.31,37.95,75,Arboreal&Terrestrial,Oviparous,2,10,8,8
Tribit,Trioceros,trioceros_bitaeniatus,Trioceros bitaeniatus,24,44,10,2,macro,2,2,submeta,submeta,meta,meta,meta,meta,meta,meta,meta,meta,NA,NA,NA,NA,0.3,0.3,0.4,0.4,0.4,0.4,0.4,0.4,0.4,0.4,NA,NA,NA,NA,"Matthey, 1957; Rovatsos et al., 2015, 2017",12,Trioceros bitaeniatus,Afrotropic,2.84,34.52,92,Arboreal,Viviparous,3,25,NA,NA
Trihoe,Trioceros,tioceros_hoehnelii,Trioceros hoehnelii,24,44,10,2,macro,2,2,submeta,submeta,submeta,meta,submeta,meta,meta,meta,meta,meta,NA,NA,NA,NA,0.3,0.3,0.3,0.4,0.3,0.4,0.4,0.4,0.4,0.4,NA,NA,NA,NA,"Rovatsos et al., 2017",12,Tioceros hoehnelii,Afrotropic,-0.03,36,110.1,Arboreal,Viviparous,4,25,5,12
Trijoh,Trioceros,trioceros_johnstoni,Trioceros johnstoni,36,50,7,11,macro,2,12,meta,meta,meta,meta,meta,meta,subtelo,NA,NA,NA,NA,NA,NA,NA,0.4,0.4,0.4,0.4,0.4,0.4,0.2,NA,NA,NA,NA,NA,NA,NA,"Matthey, 1957; Rovatsos et al., 2017",18,Trioceros johnstoni,Afrotropic,0.16,28.4,130,Arboreal,Oviparous,4,23,5,8
Trimel,Trioceros,trioceros_melleri,Trioceros melleri,36,48,6,12,macro,2,0,subtelo,subtelo,meta,meta,meta,meta,NA,NA,NA,NA,NA,NA,NA,NA,0.2,0.2,0.4,0.4,0.4,0.4,NA,NA,NA,NA,NA,NA,NA,NA,"Rovatsos et al., 2017",18,Trioceros melleri,Afrotropic,-12.07,37.93,288,Arboreal,Oviparous,15,91,18,24
Triqua,Trioceros,trioceros_quadricornis,Trioceros quadricornis,36,48,6,12,NA,NA,NA,meta,meta,meta,meta,meta,meta,NA,NA,NA,NA,NA,NA,NA,NA,0.4,0.4,0.4,0.4,0.4,0.4,NA,NA,NA,NA,NA,NA,NA,NA,"Matthey & van Brink, 1960",18,Trioceros quadricornis,Afrotropic,5.6,9.81,168,Arboreal,Oviparous,8,18,6,8
Triwie,Trioceros,trioceros_wiedersheimi,Trioceros wiedersheimi,36,48,6,12,NA,NA,NA,meta,meta,meta,meta,meta,meta,NA,NA,NA,NA,NA,NA,NA,NA,0.4,0.4,0.4,0.4,0.4,0.4,NA,NA,NA,NA,NA,NA,NA,NA,"Matthey & van Brink, 1960",18,Trioceros wiedersheimi,Afrotropic,6.01,10.48,100.5,Arboreal,Oviparous,7,11,NA,NA
Tricri,Trioceros,trioceros_cristatus,Trioceros cristatus,36,48,6,12,NA,NA,NA,meta,meta,meta,meta,meta,meta,NA,NA,NA,NA,NA,NA,NA,NA,0.4,0.4,0.4,0.4,0.4,0.4,NA,NA,NA,NA,NA,NA,NA,NA,"Matthey, 1957",18,Trioceros cristatus,Afrotropic,1.92,12.54,160,Arboreal&Terrestrial,Oviparous,11,37,24,24
Triowe,Trioceros,trioceros_oweni,Trioceros oweni,36,48,6,12,NA,NA,NA,meta,meta,meta,meta,meta,meta,NA,NA,NA,NA,NA,NA,NA,NA,0.4,0.4,0.4,0.4,0.4,0.4,NA,NA,NA,NA,NA,NA,NA,NA,"Matthey, 1957; Matthey & van Brink, 1960",18,Trioceros oweni,Afrotropic,0.4,19.16,148,Arboreal,Oviparous,9,19,NA,NA
Trijac,Trioceros,trioceros_jacksoni,Trioceros jacksonii,24,44,10,2,macro,2,NA,subtelo,subtelo,subtelo,subtelo,meta,meta,meta,meta,meta,meta,NA,NA,NA,NA,0.2,0.2,0.2,0.2,0.4,0.4,0.4,0.4,0.4,0.4,NA,NA,NA,NA,"Matthey & van Brink, 1960;  De Smet, 1981",12,Trioceros jacksoni,Afrotropic,-1,37.15,167,Arboreal,Viviparous,5,57,6,22
